<?xml version="1.0" encoding="UTF-8"?>
<!DOCTYPE html>
<html xml:lang="en" lang="en">
<head>
		
<meta name="viewport" content="initial-scale=1.0, width=device-width, maximum-scale=1.0, user-scalable=no"/>
<meta http-equiv="Content-Type" content="text/html; charset=utf-8"/>
<title>Page or File Not Found (404 Error)</title>
<meta http-equiv="keywords">
<meta name="author" content="NYU Web Communications"/>
	
<link rel="stylesheet" href="/etc/designs/nyuseventy/jqueryclientlib.css" type="text/css">
<script type="text/javascript" src="/etc.clientlibs/clientlibs/granite/jquery/granite/csrf.js"></script>
<script type="text/javascript" src="/etc/designs/nyuseventy/jqueryclientlib.js"></script>
	
<link rel="stylesheet" href="/etc/designs/nyuseventy/select2.css" type="text/css">
<script type="text/javascript" src="/etc/designs/nyuseventy/select2.js"></script>

<script>var nyu$ = jQuery.noConflict(true);</script>
	
<link rel="stylesheet" href="/etc/designs/nyuseventy/clientlib.css" type="text/css">

<link rel="stylesheet" type="text/css" href="//cloud.typography.com/7436432/714802/css/fonts.css"/>
<link href="https://maxcdn.bootstrapcdn.com/font-awesome/4.7.0/css/font-awesome.min.css" rel="stylesheet" integrity="sha384-wvfXpqpZZVQGK6TAh5PVlGOfQNHSoD2xbE+QkPxCAFlNEevoEH3Sl0sibVcOQVnN" crossorigin="anonymous">
<!-- OG Tags -->
<meta property="og:title" content="Page or File Not Found (404 Error)"/>
<meta property="og:description"/>
<meta property="og:url" content="http://www.nyu.edu/content/nyu/en/errors/404error"/>
<meta property="og:image"/>
<!-- Twitter Tags -->
<meta name="twitter:card" content="summary"/>
<meta name="twitter:title" content="Page or File Not Found (404 Error)"/>
<meta name="twitter:description"/>
<meta property="twitter:image"/>
		
<script type="text/javascript">
 var _gaq = _gaq || [];
 var pluginUrl = '//www.google-analytics.com/plugins/ga/inpage_linkid.js';
  _gaq.push(['_require', 'inpage_linkid', pluginUrl]);
  _gaq.push(['_setAccount', 'UA-1592055-1']);
  _gaq.push(['_setDomainName', 'nyu.edu']);
  _gaq.push(['_trackPageview']);
  _gaq.push(['_addIgnoredOrganic', 'www.nyu.edu']);
  _gaq.push(['_addIgnoredOrganic', 'nyu.edu']);

  (function() {
	var ga = document.createElement('script'); ga.type = 'text/javascript'; ga.async = true;
	ga.src = ('https:' == document.location.protocol ? 'https://ssl' : 'http://www') + '.google-analytics.com/ga.js';
	var s = document.getElementsByTagName('script')[0]; s.parentNode.insertBefore(ga, s);
  })();
</script>
<script type="text/javascript">
(function(i,s,o,g,r,a,m){i['GoogleAnalyticsObject']=r;i[r]=i[r]||function()
{ (i[r].q=i[r].q||[]).push(arguments)}
,i[r].l=1*new Date();a=s.createElement(o),
m=s.getElementsByTagName(o)[0];a.async=1;a.src=g;m.parentNode.insertBefore(a,m)
})(window,document,'script','https://www.google-analytics.com/analytics.js','ga');
ga('create', 'UA-1592055-15', 'auto');
ga('send', 'pageview');
</script>
		
</head>
<body>
<!-- Google Tag Manager -->
<noscript><iframe src="//www.googletagmanager.com/ns.html?id=GTM-5VD495" height="0" width="0" style="display:none;visibility:hidden"></iframe></noscript>
<script>(function(w,d,s,l,i){w[l]=w[l]||[];w[l].push(
{'gtm.start': new Date().getTime(),event:'gtm.js'}
);var f=d.getElementsByTagName(s)[0],
j=d.createElement(s),dl=l!='dataLayer'?'&l='+l:'';j.async=true;j.src=
'//www.googletagmanager.com/gtm.js?id='+i+dl;f.parentNode.insertBefore(j,f);
})(window,document,'script','dataLayer','GTM-5VD495');</script>
<!-- End Google Tag Manager -->

<span class="topOfPage" id="top"></span>
<a id="bypass-globalnav" class="bypass-block" href="#global-menu-toggle" tabindex="1">Skip to All NYU Navigation</a>
<a id="bypass-main" class="bypass-block" href="#main-content" tabindex="2">Skip to Main Content</a>

	<header class="header" role="banner">
		<div class="inner-header">
			<button type="button" role="button" class="hamburger">
				<span class="bars"></span>
				<span class="screen-reader-text">Menu</span>
			</button>

			<nav role="navigation" aria-label="Information" class="role-nav-wrap">
				<div class="super-navigation">
					<div class="super-navigation-title">Information For: </div>
					<ul class="super-navigation-menu">
						<li class="has-submenu">
							<div class="menu-title">
								<a class="super-navigation-link-title" href="/content/nyu/en/students.html" target="_self" id="Students" aria-haspopup="true" aria-expanded="false" aria-controls="menu-Students">Students</a>
								<button class="menu-expand"><span class="screen-reader-text">Expand</span></button>
							</div>
							<div class="menu-contents" id="menu-Students" aria-labelledby="Students" role="group" aria-expanded="false">
								<ul>
									<li class="supernav-sublink"><a href="/content/nyu/en/students/getting-started-at-nyu.html" target="_self">Next Stop NYU</a></li>
									<li class="supernav-sublink"><a href="/content/nyu/en/students/communities-and-groups.html" target="_self">Communities and Groups</a></li>
									<li class="supernav-sublink"><a href="/content/nyu/en/students/student-diversity---inclusion.html" target="_self">Student Diversity and Inclusion</a></li>
									<li class="supernav-sublink"><a href="/content/nyu/en/students/getting-involved.html" target="_self">Getting Involved</a></li>
									<li class="supernav-sublink"><a href="/content/nyu/en/students/health-and-wellness.html" target="_self">Health and Wellness</a></li>
									<li class="supernav-sublink"><a href="/content/nyu/en/students/academic-services.html" target="_self">Academic Services</a></li>
									<li class="supernav-sublink"><a href="/content/nyu/en/students/student-information-and-resources.html" target="_self">Student Information and Resources</a></li>
									<li class="supernav-sublink"><a href="/content/nyu/en/students/student-channel-promos.html" target="_self">Student Channel Promos</a></li>
								</ul>
							</div>
						</li>
						<li class="has-submenu">
							<div class="menu-title">
								<a class="super-navigation-link-title" href="/content/nyu/en/faculty.html" target="_self" id="Faculty" aria-haspopup="true" aria-expanded="false" aria-controls="menu-Faculty">Faculty</a>
								<button class="menu-expand"><span class="screen-reader-text">Expand</span></button>
							</div>
							<div class="menu-contents" id="menu-Faculty" aria-labelledby="Faculty" role="group" aria-expanded="false">
								<ul>
									<li class="supernav-sublink"><a href="/content/nyu/en/faculty/teaching-and-learning-resources.html" target="_self">Teaching and Learning Resources</a></li>
									<li class="supernav-sublink"><a href="/content/nyu/en/faculty/research-and-scholarship.html" target="_self">Research and Scholarship</a></li>
									<li class="supernav-sublink"><a href="/content/nyu/en/faculty/governance-policies-and-procedures.html" target="_self">Governance, Policies, and Procedures</a></li>
									<li class="supernav-sublink"><a href="/content/nyu/en/faculty/funding-opportunities.html" target="_self">Funding Opportunities</a></li>
									<li class="supernav-sublink"><a href="/content/nyu/en/faculty/faculty-housing.html" target="_self">Faculty Housing</a></li>
									<li class="supernav-sublink"><a href="/content/nyu/en/faculty/benefits.html" target="_self">Benefits</a></li>
									<li class="supernav-sublink"><a href="/content/nyu/en/faculty/work-life.html" target="_self">Work Life &amp; Wellness</a></li>
									<li class="supernav-sublink"><a href="/content/nyu/en/faculty/community-advantages.html" target="_self">Community Advantages</a></li>
									<li class="supernav-sublink"><a href="/content/nyu/en/faculty/faculty-diversity-and-inclusion.html" target="_self">Faculty Diversity and Inclusion</a></li>
									<li class="supernav-sublink"><a href="/content/nyu/en/faculty/faculty-in-the-global-network.html" target="_self">Faculty in the Global Network</a></li>
									<li class="supernav-sublink"><a href="/content/nyu/en/faculty/global-academic-partnerships-and-affiliations.html" target="_self">Global Academic Partnerships and Affiliations</a></li>
									<li class="supernav-sublink"><a href="/content/nyu/en/faculty/visa-and-immigration.html" target="_self">Faculty Visa &amp; Immigration</a></li>
									<li class="supernav-sublink"><a href="/content/nyu/en/faculty/faculty-references.html" target="_self">Faculty References</a></li>
									<li class="supernav-sublink"><a href="/content/nyu/en/faculty/ofr-promos.html" target="_self">ofr-promos</a></li>
								</ul>
							</div>
						</li>
						<li class="has-submenu">
							<div class="menu-title">
								<a class="super-navigation-link-title" href="/content/nyu/en/alumni.html" target="_self" id="Alumni" aria-haspopup="true" aria-expanded="false" aria-controls="menu-Alumni">Alumni</a>
								<button class="menu-expand"><span class="screen-reader-text">Expand</span></button>
							</div>
							<div class="menu-contents" id="menu-Alumni" aria-labelledby="Alumni" role="group" aria-expanded="false">
								<ul>
									<li class="supernav-sublink"><a href="/content/nyu/en/alumni/benefits.html" target="_self">Benefits</a></li>
									<li class="supernav-sublink"><a href="/content/nyu/en/alumni/events-programs.html" target="_self">Events | Programs</a></li>
									<li class="supernav-sublink"><a href="/content/nyu/en/alumni/news-publications.html" target="_self">News | Publications</a></li>
									<li class="supernav-sublink"><a href="/content/nyu/en/alumni/video.html" target="_self">Video</a></li>
									<li class="supernav-sublink"><a href="/content/nyu/en/alumni/get-involved.html" target="_self">Get Involved</a></li>
									<li class="supernav-sublink"><a href="/content/nyu/en/alumni/giving.html" target="_self">Give</a></li>
									<li class="supernav-sublink"><a href="/content/nyu/en/alumni/nyu-office-of-alumni-relations.html" target="_self">NYU Office of Alumni Relations</a></li>
									<li class="supernav-sublink"><a href="/content/nyu/en/alumni/the-hub.html" target="_self">Welcome to the Hub!</a></li>
									<li class="supernav-sublink"><a href="/content/nyu/en/alumni/cvent.html" target="_self">Cvent</a></li>
									<li class="supernav-sublink"><a href="/content/nyu/en/alumni/katie-test.html" target="_self">Katie Test</a></li>
									<li class="supernav-sublink"><a href="/content/nyu/en/alumni/argentina.html" target="_self">Argentina</a></li>
									<li class="supernav-sublink"><a href="/content/nyu/en/alumni/atlanta.html" target="_self">Atlanta</a></li>
									<li class="supernav-sublink"><a href="/content/nyu/en/alumni/austin.html" target="_self">Austin</a></li>
									<li class="supernav-sublink"><a href="/content/nyu/en/alumni/australia.html" target="_self">Australia</a></li>
									<li class="supernav-sublink"><a href="/content/nyu/en/alumni/bangalore.html" target="_self">Bangalore</a></li>
									<li class="supernav-sublink"><a href="/content/nyu/en/alumni/beijing.html" target="_self">Beijing</a></li>
									<li class="supernav-sublink"><a href="/content/nyu/en/alumni/boston.html" target="_self">Boston</a></li>
									<li class="supernav-sublink"><a href="/content/nyu/en/alumni/chicago.html" target="_self">Chicago</a></li>
									<li class="supernav-sublink"><a href="/content/nyu/en/alumni/chile.html" target="_self">Chile</a></li>
									<li class="supernav-sublink"><a href="/content/nyu/en/alumni/cleveland.html" target="_self">Cleveland</a></li>
									<li class="supernav-sublink"><a href="/content/nyu/en/alumni/colombia.html" target="_self">Colombia</a></li>
									<li class="supernav-sublink"><a href="/content/nyu/en/alumni/colorado.html" target="_self">Colorado</a></li>
									<li class="supernav-sublink"><a href="/content/nyu/en/alumni/dallas.html" target="_self">Dallas</a></li>
									<li class="supernav-sublink"><a href="/content/nyu/en/alumni/delhi.html" target="_self">Delhi</a></li>
									<li class="supernav-sublink"><a href="/content/nyu/en/alumni/egypt.html" target="_self">Egypt</a></li>
									<li class="supernav-sublink"><a href="/content/nyu/en/alumni/europe.html" target="_self">Europe</a></li>
									<li class="supernav-sublink"><a href="/content/nyu/en/alumni/france.html" target="_self">France</a></li>
									<li class="supernav-sublink"><a href="/content/nyu/en/alumni/germany.html" target="_self">Germany</a></li>
									<li class="supernav-sublink"><a href="/content/nyu/en/alumni/greece.html" target="_self">Greece</a></li>
									<li class="supernav-sublink"><a href="/content/nyu/en/alumni/connecticut.html" target="_self">Connecticut</a></li>
									<li class="supernav-sublink"><a href="/content/nyu/en/alumni/hawaii.html" target="_self">Hawaii</a></li>
									<li class="supernav-sublink"><a href="/content/nyu/en/alumni/hong-kong.html" target="_self">Hong-Kong</a></li>
									<li class="supernav-sublink"><a href="/content/nyu/en/alumni/houston.html" target="_self">Houston</a></li>
									<li class="supernav-sublink"><a href="/content/nyu/en/alumni/israel.html" target="_self">Israel</a></li>
									<li class="supernav-sublink"><a href="/content/nyu/en/alumni/italy.html" target="_self">Italy</a></li>
									<li class="supernav-sublink"><a href="/content/nyu/en/alumni/japan.html" target="_self">Japan</a></li>
									<li class="supernav-sublink"><a href="/content/nyu/en/alumni/london.html" target="_self">London</a></li>
									<li class="supernav-sublink"><a href="/content/nyu/en/alumni/long-island.html" target="_self">Long Island</a></li>
									<li class="supernav-sublink"><a href="/content/nyu/en/alumni/los-angeles.html" target="_self">Los Angeles</a></li>
									<li class="supernav-sublink"><a href="/content/nyu/en/alumni/mexico.html" target="_self">Mexico</a></li>
									<li class="supernav-sublink"><a href="/content/nyu/en/alumni/minnesota.html" target="_self">Minnesota</a></li>
									<li class="supernav-sublink"><a href="/content/nyu/en/alumni/mumbai.html" target="_self">Mumbai</a></li>
									<li class="supernav-sublink"><a href="/content/nyu/en/alumni/nashville.html" target="_self">Nashville</a></li>
									<li class="supernav-sublink"><a href="/content/nyu/en/alumni/netherlands.html" target="_self">Netherlands</a></li>
									<li class="supernav-sublink"><a href="/content/nyu/en/alumni/new-jersey.html" target="_self">New Jersey</a></li>
									<li class="supernav-sublink"><a href="/content/nyu/en/alumni/nigeria.html" target="_self">Nigeria</a></li>
									<li class="supernav-sublink"><a href="/content/nyu/en/alumni/north-carolina.html" target="_self">North Carolina</a></li>
									<li class="supernav-sublink"><a href="/content/nyu/en/alumni/orlando.html" target="_self">Orlando</a></li>
									<li class="supernav-sublink"><a href="/content/nyu/en/alumni/panama.html" target="_self">Panama</a></li>
									<li class="supernav-sublink"><a href="/content/nyu/en/alumni/pan-asia.html" target="_self">Pan-Asia</a></li>
									<li class="supernav-sublink"><a href="/content/nyu/en/alumni/peru.html" target="_self">Peru</a></li>
									<li class="supernav-sublink"><a href="/content/nyu/en/alumni/philadelphia.html" target="_self">Philadelphia</a></li>
									<li class="supernav-sublink"><a href="/content/nyu/en/alumni/philippines.html" target="_self">Philippines</a></li>
									<li class="supernav-sublink"><a href="/content/nyu/en/alumni/rio-de-janeiro.html" target="_self">Rio de Janeiro</a></li>
									<li class="supernav-sublink"><a href="/content/nyu/en/alumni/russia.html" target="_self">Russia</a></li>
									<li class="supernav-sublink"><a href="/content/nyu/en/alumni/san-diego.html" target="_self">San Diego</a></li>
									<li class="supernav-sublink"><a href="/content/nyu/en/alumni/san-francisco.html" target="_self">San Francisco</a></li>
									<li class="supernav-sublink"><a href="/content/nyu/en/alumni/sao-paulo.html" target="_self">Sao Paulo</a></li>
									<li class="supernav-sublink"><a href="/content/nyu/en/alumni/saudi-arabia.html" target="_self">Saudi Arabia</a></li>
									<li class="supernav-sublink"><a href="/content/nyu/en/alumni/seattle.html" target="_self">Seattle</a></li>
									<li class="supernav-sublink"><a href="/content/nyu/en/alumni/shanghai.html" target="_self">Shanghai</a></li>
									<li class="supernav-sublink"><a href="/content/nyu/en/alumni/silicon-valley.html" target="_self">Silicon Valley</a></li>
									<li class="supernav-sublink"><a href="/content/nyu/en/alumni/singapore.html" target="_self">Singapore</a></li>
									<li class="supernav-sublink"><a href="/content/nyu/en/alumni/south-africa.html" target="_self">South Africa</a></li>
									<li class="supernav-sublink"><a href="/content/nyu/en/alumni/south-china.html" target="_self">South China</a></li>
									<li class="supernav-sublink"><a href="/content/nyu/en/alumni/south-korea.html" target="_self">South Korea</a></li>
									<li class="supernav-sublink"><a href="/content/nyu/en/alumni/spain.html" target="_self">Spain</a></li>
									<li class="supernav-sublink"><a href="/content/nyu/en/alumni/taiwan.html" target="_self">Taiwan</a></li>
									<li class="supernav-sublink"><a href="/content/nyu/en/alumni/thailand.html" target="_self">Thailand</a></li>
									<li class="supernav-sublink"><a href="/content/nyu/en/alumni/toronto.html" target="_self">Toronto</a></li>
									<li class="supernav-sublink"><a href="/content/nyu/en/alumni/turkey.html" target="_self">Turkey</a></li>
									<li class="supernav-sublink"><a href="/content/nyu/en/alumni/uae.html" target="_self">UAE</a></li>
									<li class="supernav-sublink"><a href="/content/nyu/en/alumni/vancouver.html" target="_self">Vancouver</a></li>
									<li class="supernav-sublink"><a href="/content/nyu/en/alumni/venezuala.html" target="_self">Venezuala</a></li>
									<li class="supernav-sublink"><a href="/content/nyu/en/alumni/dc.html" target="_self">DC</a></li>
									<li class="supernav-sublink"><a href="/content/nyu/en/alumni/west-florida.html" target="_self">West Florida</a></li>
									<li class="supernav-sublink"><a href="/content/nyu/en/alumni/westchester.html" target="_self">Westchester</a></li>
									<li class="supernav-sublink"><a href="/content/nyu/en/alumni/south-florida.html" target="_self">South Florida</a></li>
									<li class="supernav-sublink"><a href="/content/nyu/en/alumni/new-orleans.html" target="_self">New Orleans</a></li>
									<li class="supernav-sublink"><a href="/content/nyu/en/alumni/nominations.html" target="_self">Nominations</a></li>
									<li class="supernav-sublink"><a href="/content/nyu/en/alumni/contact-update.html" target="_self">Contact Update</a></li>
									<li class="supernav-sublink"><a href="/content/nyu/en/alumni/address-change.html" target="_self">Address Change</a></li>
								</ul>
							</div>
						</li>
						<li class="has-submenu">
							<div class="menu-title">
								<a class="super-navigation-link-title" href="/content/nyu/en/employees.html" target="_self" id="Employees" aria-haspopup="true" aria-expanded="false" aria-controls="menu-Employees">Employees</a>
								<button class="menu-expand"><span class="screen-reader-text">Expand</span></button>
							</div>
							<div class="menu-contents" id="menu-Employees" aria-labelledby="Employees" role="group" aria-expanded="false">
								<ul>
									<li class="supernav-sublink"><a href="/content/nyu/en/employees/resources-and-services.html" target="_self">Resources and Services</a></li>
									<li class="supernav-sublink"><a href="/content/nyu/en/employees/hr-at-your-service.html" target="_self">HR @ Your Service</a></li>
									<li class="supernav-sublink"><a href="/content/nyu/en/employees/career-development.html" target="_self">Career Development</a></li>
									<li class="supernav-sublink"><a href="/content/nyu/en/employees/benefit.html" target="_self">Benefits</a></li>
									<li class="supernav-sublink"><a href="/content/nyu/en/employees/work-life.html" target="_self">Work Life &amp; Wellness</a></li>
									<li class="supernav-sublink"><a href="/content/nyu/en/employees/employee-channel-promos.html" target="_self">Employee Channel Promos</a></li>
								</ul>
							</div>
						</li>
						<li class="has-submenu">
							<div class="menu-title">
								<a class="super-navigation-link-title" href="/content/nyu/en/community.html" target="_self" id="Community" aria-haspopup="true" aria-expanded="false" aria-controls="menu-Community">Community</a>
								<button class="menu-expand"><span class="screen-reader-text">Expand</span></button>
							</div>
							<div class="menu-contents" id="menu-Community" aria-labelledby="Community" role="group" aria-expanded="false">
								<ul>
									<li class="supernav-sublink"><a href="/content/nyu/en/community/nyu-in-nyc.html" target="_self">Neighbors and Nonprofits</a></li>
									<li class="supernav-sublink"><a href="/content/nyu/en/community/parents.html" target="_self">Parents</a></li>
									<li class="supernav-sublink"><a href="/content/nyu/en/community/CommunityPromos.html" target="_self">Community Promos</a></li>
									<li class="supernav-sublink"><a href="/content/nyu/en/community/channel-page-promos.html" target="_self">NYU: Community Channel Promos</a></li>
									<li class="supernav-sublink"><a href="/content/nyu/en/community/conference-event-services.html" target="_self">Conference and Event Services</a></li>
									<li class="supernav-sublink"><a href="/content/nyu/en/community/government-affairs.html" target="_self">Government Affairs</a></li>
									<li class="supernav-sublink"><a href="/content/nyu/en/community/impact-report.html" target="_self">NYU Community Impact Report</a></li>
								</ul>
							</div>
						</li>
					</ul>
				</div>
			</nav>

			<div class="login-nyu">
				<a href="http://home.nyu.edu" class="login-nyu-home">Login to NYU Home</a>
			</div>

			<button type="button" id="global-menu-toggle" class="global-menu" role="button">
				<svg id="64c3602f-5fc5-4c7c-b9e2-50267bc53dc6" data-name="Layer 2" xmlns="http://www.w3.org/2000/svg" viewBox="0 0 17.9515 18.0118"><circle cx="8.9758" cy="9.0118" r="8.5608" style="fill:none;stroke:#fff;stroke-miterlimit:10;"/><path d="M8.9288,17.6c-1.2941,0-4.1993-4.0339-4.1993-8.6093S7.7025.3882,8.9966.3882" transform="translate(-0.0242 0.0118)" style="fill:none;stroke:#fff;stroke-miterlimit:10;"/><path d="M9.0645,17.6c1.2941,0,4.1993-4.0339,4.1993-8.6093S10.2907.3882,8.9966.3882" transform="translate(-0.0242 0.0118)" style="fill:none;stroke:#fff;stroke-miterlimit:10;"/><line x1="1.7216" y1="4.5542" x2="16.1612" y2="4.5542" style="fill:none;stroke:#fff;stroke-miterlimit:10;"/><line x1="0.415" y1="9.0118" x2="17.5365" y2="9.0118" style="fill:none;stroke:#fff;stroke-miterlimit:10;"/><line x1="1.6659" y1="13.4693" x2="16.2856" y2="13.4693" style="fill:none;stroke:#fff;stroke-miterlimit:10;"/><line x1="8.9758" y1="17.5725" x2="8.9758" y2="0.451" style="fill:none;stroke:#fff;stroke-miterlimit:10;"/></svg>
				<span>All NYU</span>
			</button>

			<div class="logo-holder">
				<a class="logo" href="/nyu/en.html" aria-label="NYU Homepage">
					<svg id="Layer_1" data-name="Layer 1" xmlns="http://www.w3.org/2000/svg" viewBox="0 0 135 46" width="135" height="46"><path class="cls-1" d="M57.88,9.71h5.28l12.26,16v-16H81V35.78H76.1L63.5,19.08v16.7H57.88Z"/><path class="cls-1" d="M94,25.56l-10-15.85h6.64l6.3,10.56,6.3-10.56h6.46l-10,15.68V35.78H93.8V25.56Z"/><path class="cls-1" d="M112.19,24.7v-15H118V24.53c0,4.26,2,6.48,5.61,6.48s5.62-2.05,5.62-6.31v-15H135V24.53c0,7.84-4.43,11.76-11.41,11.76C116.44,36.29,112.19,32.37,112.19,24.7Z"/><path class="cls-1" d="M46,46H0V0H46V46ZM21.45,40.55c0,.34.68.51.85,0l1.53-12.78H19.92l1.53,12.78ZM25.2,26.92V25H18.56v1.88ZM23.32,24c8.34.34,9-7.32,9-10.22h0c-.17.68-1.37,2.73-4.43,4.09A7.38,7.38,0,0,0,23.32,24Zm-.85-.51c1.36-6.3,6.47-6.47,7-7.67.68-1.87-.68-5.28-1-5.62h-.17A11.15,11.15,0,0,1,25.54,14c-1,.85-5.45,4.26-3.07,9.54Zm-1,.34c-2.89-6,2.89-9.88,3.75-10.73.17-.17.17-.17.17-.34A15.55,15.55,0,0,0,24,7.33h-.17c-.51,1.87-3.06,4.6-3.57,5.28-4.43,5.11-3.41,8.35,1.19,11.24ZM20.26,24c-4.77-2.89-4.26-6.81-2.21-9.71V14a7.46,7.46,0,0,0-1.2-2.9c0-.17-.17-.17-.17,0,0,.86-1,2.9-2.38,5.12-1.36,2.38-1.36,7.66,6,7.83Z"/></svg>
					<svg data-name="Layer 1" viewBox="0 0 63.97 22" width="64" height="22" xmlns="http://www.w3.org/2000/svg">
						<path d="M0,0H4.47L14.64,13.35V0h4.71V21.62H15.28L4.72,7.88V21.62H0ZM30,13.1,21.64,0h5.59l5.22,8.65L37.66,0h5.47L34.86,13v8.65h-4.7V13.1Zm15.13-.76V0h4.71V12.21c0,3.56,1.78,5.34,4.7,5.34s4.71-1.78,4.71-5.21V0H64V12.21C64,18.82,60.29,22,54.45,22s-9.29-3.31-9.29-9.66" transform="translate(-0.02)"/>
					</svg>
					<span class="screen-reader-text">NYU</span>
				</a>
			</div>

			<nav role="navigation" aria-label="Main" class="main-nav-wrap">
				<div role="application">
					<ul class="main-navigation-menu">
						<li class="has-submenu">
							<div class="menu-title">
								<a class="main-navigation-menu-link-title" href="/content/nyu/en/about.html" id="about" target="_self" aria-haspopup="true" aria-expanded="false" aria-controls="menu-about">About NYU</a>
								<button class="menu-expand"><span class="screen-reader-text">Expand</span></button>
							</div>
							<div class="mega-menu menu-contents" id="menu-about" aria-labelledby="About NYU" role="group" aria-expanded="false">
								<a href="/content/nyu/en/about.html" class="linkable-menu-block overview">
									<h2 class="overview-title">About NYU</h2>
									<p>Connecting talented and ambitious people in the world&#39;s greatest cities, our mission is to be a top quality institution.</p>
								</a>
								<div class="in-this-section">
									<h2 class="in-this-section-title">In This Section</h2>
									<ul class="in-this-section-menu">
										<li><a href="/content/nyu/en/about/leadership-university-administration.html" class="in-this-section-menu-link" target="_self">Leadership &amp; University Administration</a></li>
										<li><a href="/content/nyu/en/about/university-initiatives.html" class="in-this-section-menu-link" target="_self">University Initiatives</a></li>
										<li><a href="/content/nyu/en/about/news-publications.html" class="in-this-section-menu-link" target="_self">News, Publications, and Facts</a></li>
										<li><a href="/content/nyu/en/about/careers-at-nyu.html" class="in-this-section-menu-link" target="_self">Careers at NYU</a></li>
										<li><a href="/content/nyu/en/about/visitor-information.html" class="in-this-section-menu-link" target="_self">Visitor Information</a></li>
										<li><a href="/content/nyu/en/about/policies-guidelines-compliance.html" class="in-this-section-menu-link" target="_self">Policies and Guidelines</a></li>
										<li><a href="/content/nyu/en/about/giving.html" class="in-this-section-menu-link" target="_self">Giving to NYU</a></li>
									</ul>
								</div>
								<div class="related-links">
									<h2 class="related-links-title">Related Links</h2>
									<ul class="related-links-menu">
										<li><a href="/content/nyu/en/footer/contact-us.html" class="related-link" target="_self">Contact Us</a></li>
										<li><a href="/content/nyu/en/footer/events.html" class="related-link" target="_self">Events</a></li>
										<li><a href="/content/nyu/en/about/news-publications/history-of-nyu.html" class="related-link" target="_self">History of NYU</a></li>
									</ul>
								</div>
							</div>
						</li>
						<li class="has-submenu">
							<div class="menu-title">
								<a class="main-navigation-menu-link-title" href="/content/nyu/en/admissions.html" id="admissions" target="_self" aria-haspopup="true" aria-expanded="false" aria-controls="menu-admissions">Admissions</a>
								<button class="menu-expand"><span class="screen-reader-text">Expand</span></button>
							</div>
							<div class="mega-menu menu-contents" id="menu-admissions" aria-labelledby="Admissions" role="group" aria-expanded="false">
								<a href="/content/nyu/en/admissions.html" class="linkable-menu-block overview">
									<h2 class="overview-title">Admissions</h2>
									<p>Join our more than 40,000 students studying in hundreds of programs on six continents all around the globe.</p>
								</a>
								<div class="in-this-section">
									<h2 class="in-this-section-title">In This Section</h2>
									<ul class="in-this-section-menu">
										<li><a href="/content/nyu/en/admissions/undergraduate-admissions.html" class="in-this-section-menu-link" target="_self">Undergraduate Admissions</a></li>
										<li><a href="/content/nyu/en/admissions/graduate-admissions.html" class="in-this-section-menu-link" target="_self">Graduate Admissions</a></li>
										<li><a href="/content/nyu/en/admissions/financial-aid-and-scholarships.html" class="in-this-section-menu-link" target="_self">Financial Aid and Scholarships</a></li>
										<li><a href="/content/nyu/en/admissions/visiting-students.html" class="in-this-section-menu-link" target="_self">Visiting Students</a></li>
										<li><a href="/content/nyu/en/admissions/fall-in-ny.html" class="in-this-section-menu-link" target="_self">Fall</a></li>
										<li><a href="/content/nyu/en/admissions/spring-in-ny.html" class="in-this-section-menu-link" target="_self">Spring</a></li>
										<li><a href="/content/nyu/en/admissions/summer-sessions.html" class="in-this-section-menu-link" target="_self">Summer</a></li>
										<li><a href="/content/nyu/en/admissions/january-term.html" class="in-this-section-menu-link" target="_self">January</a></li>
										<li><a href="/content/nyu/en/admissions/high-school-programs.html" class="in-this-section-menu-link" target="_self">High School Programs</a></li>
									</ul>
								</div>
								<div class="related-links">
									<h2 class="related-links-title">Related Links</h2>
									<ul class="related-links-menu">
										<li><a href="/content/nyu/en/academics/academic-programs.html" class="related-link" target="_self">Academic Programs</a></li>
										<li><a href="/content/nyu/en/academics/schools-and-colleges.html" class="related-link" target="_self">Schools and Colleges</a></li>
										<li><a href="/content/nyu/en/students/student-information-and-resources/bills-payments-and-refunds/tuition-and-fee-rates.html" class="related-link" target="_self">Tuition and Fees</a></li>
										<li><a href="/content/nyu/en/academics/studying-abroad.html" class="related-link" target="_self">Studying Abroad</a></li>
									</ul>
								</div>
							</div>
						</li>
						<li class="has-submenu">
							<div class="menu-title">
								<a class="main-navigation-menu-link-title" href="/content/nyu/en/academics.html" id="academics" target="_self" aria-haspopup="true" aria-expanded="false" aria-controls="menu-academics">Academics</a>
								<button class="menu-expand"><span class="screen-reader-text">Expand</span></button>
							</div>
							<div class="mega-menu menu-contents" id="menu-academics" aria-labelledby="Academics" role="group" aria-expanded="false">
								<a href="/content/nyu/en/academics.html" class="linkable-menu-block overview">
									<h2 class="overview-title">Academics</h2>
									<p>Our world-class students, faculty, and scholars expect high achievement in pursuit of engaging the world&#39;s diverse challenges.</p>
								</a>
								<div class="in-this-section">
									<h2 class="in-this-section-title">In This Section</h2>
									<ul class="in-this-section-menu">
										<li><a href="/content/nyu/en/academics/academic-programs.html" class="in-this-section-menu-link" target="_self">Academic Programs</a></li>
										<li><a href="/content/nyu/en/academics/accelerated-studies.html" class="in-this-section-menu-link" target="_self">Accelerated Studies</a></li>
										<li><a href="/content/nyu/en/academics/schools-and-colleges.html" class="in-this-section-menu-link" target="_self">Schools and Colleges</a></li>
										<li><a href="/content/nyu/en/academics/studying-abroad.html" class="in-this-section-menu-link" target="_self">Studying Abroad</a></li>
										<li><a href="/content/nyu/en/academics/nyu-online.html" class="in-this-section-menu-link" target="_self">NYU Online</a></li>
										<li><a href="/content/nyu/en/academics/scholarly-strengths.html" class="in-this-section-menu-link" target="_self">Scholarly Strengths</a></li>
										<li><a href="/content/nyu/en/academics/continuing-education.html" class="in-this-section-menu-link" target="_self">Continuing Education</a></li>
										<li><a href="/content/nyu/en/academics/libraries.html" class="in-this-section-menu-link" target="_self">Libraries</a></li>
										<li><a href="/content/nyu/en/academics/centers-and-institutes.html" class="in-this-section-menu-link" target="_self">Centers and Institutes</a></li>
										<li><a href="/content/nyu/en/academics/awards-and-highlights.html" class="in-this-section-menu-link" target="_self">Awards and Highlights</a></li>
										<li><a href="/content/nyu/en/academics/accreditation-authorization-assessment.html" class="in-this-section-menu-link" target="_self">Accreditation, Authorization &amp; Assessment</a></li>
									</ul>
								</div>
								<div class="related-links">
									<h2 class="related-links-title">Related Links</h2>
									<ul class="related-links-menu">
										<li><a href="/content/nyu/en/admissions/undergraduate-admissions.html" class="related-link" target="_self">Undergraduate Admissions</a></li>
										<li><a href="/content/nyu/en/admissions/graduate-admissions.html" class="related-link" target="_self">Graduate Admissions</a></li>
										<li><a href="/content/nyu/en/admissions/financial-aid-and-scholarships.html" class="related-link" target="_self">Financial Aid and Scholarships</a></li>
										<li><a href="/content/nyu/en/students/student-information-and-resources/career-development-and-jobs.html" class="related-link" target="_self">Career Development</a></li>
										<li><a href="/content/nyu/en/students/student-information-and-resources/registration-records-and-graduation/transcripts-certifications-grades.html.html" class="related-link" target="_self">Transcript Requests</a></li>
									</ul>
								</div>
							</div>
						</li>
						<li class="has-submenu">
							<div class="menu-title">
								<a class="main-navigation-menu-link-title" href="/content/nyu/en/life.html" id="life" target="_self" aria-haspopup="true" aria-expanded="false" aria-controls="menu-life">University Life</a>
								<button class="menu-expand"><span class="screen-reader-text">Expand</span></button>
							</div>
							<div class="mega-menu menu-contents" id="menu-life" aria-labelledby="University Life" role="group" aria-expanded="false">
								<a href="/content/nyu/en/life.html" class="linkable-menu-block overview">
									<h2 class="overview-title">University Life</h2>
									<p>An institution without walls, we draw spirit from our cities and their famous cultural institutions and professional opportunities.</p>
								</a>
								<div class="in-this-section">
									<h2 class="in-this-section-title">In This Section</h2>
									<ul class="in-this-section-menu">
										<li><a href="/content/nyu/en/life/events-traditions.html" class="in-this-section-menu-link" target="_self">Events and Traditions</a></li>
										<li><a href="/content/nyu/en/life/safety-health-wellness.html" class="in-this-section-menu-link" target="_self">Safety, Health, and Wellness</a></li>
										<li><a href="/content/nyu/en/life/arts-culture-and-entertainment.html" class="in-this-section-menu-link" target="_self">Arts, Culture, and Entertainment</a></li>
										<li><a href="/content/nyu/en/life/sustainability.html" class="in-this-section-menu-link" target="_self">Sustainability</a></li>
										<li><a href="/content/nyu/en/life/student-success.html" class="in-this-section-menu-link" target="_self">Student Success</a></li>
										<li><a href="/content/nyu/en/life/global-inclusion-and-diversity.html" class="in-this-section-menu-link" target="_self">Global Inclusion and Diversity</a></li>
										<li><a href="/content/nyu/en/life/campus-resources.html" class="in-this-section-menu-link" target="_self">Campus Resources</a></li>
										<li><a href="/content/nyu/en/life/information-technology.html" class="in-this-section-menu-link" target="_self">Information Technology</a></li>
										<li><a href="/content/nyu/en/life/travel-and-transportation.html" class="in-this-section-menu-link" target="_self">Travel and Transportation</a></li>
										<li><a href="/content/nyu/en/life/global-support.html" class="in-this-section-menu-link" target="_self">Global Support</a></li>
										<li><a href="/content/nyu/en/life/athletics.html" class="in-this-section-menu-link" target="_self">Athletics</a></li>
									</ul>
								</div>
								<div class="related-links">
									<h2 class="related-links-title">Related Links</h2>
									<ul class="related-links-menu">
										<li><a href="/content/nyu/en/about/news-publications/news.html" class="related-link" target="_self">NYU News</a></li>
										<li><a href="/content/nyu/en/about/university-initiatives.html" class="related-link" target="_self">University Initiatives</a></li>
										<li><a href="/content/nyu/en/footer/events.html" class="related-link" target="_self">Events</a></li>
										<li><a href="/content/nyu/en/footer/map.html" class="related-link" target="_self">Campus Map</a></li>
									</ul>
								</div>
							</div>
						</li>
						<li class="has-submenu">
							<div class="menu-title">
								<a class="main-navigation-menu-link-title" href="/content/nyu/en/research.html" id="research" target="_self" aria-haspopup="true" aria-expanded="false" aria-controls="menu-research">Research</a>
								<button class="menu-expand"><span class="screen-reader-text">Expand</span></button>
							</div>
							<div class="mega-menu menu-contents" id="menu-research" aria-labelledby="Research" role="group" aria-expanded="false">
								<a href="/content/nyu/en/research.html" class="linkable-menu-block overview">
									<h2 class="overview-title">Research</h2>
									<p>Being at the forefront of their disciplines, our faculty shape the understanding of an enormous range of academic fields.</p>
								</a>
								<div class="in-this-section">
									<h2 class="in-this-section-title">In This Section</h2>
									<ul class="in-this-section-menu">
										<li><a href="/content/nyu/en/research/research-policies.html" class="in-this-section-menu-link" target="_self">University Research Policies</a></li>
										<li><a href="/content/nyu/en/research/resources-and-support-offices.html" class="in-this-section-menu-link" target="_self">Resources and Support Offices</a></li>
										<li><a href="/content/nyu/en/research/research-news.html" class="in-this-section-menu-link" target="_self">Research News</a></li>
										<li><a href="/content/nyu/en/research/research-centers-and-institutes.html" class="in-this-section-menu-link" target="_self">Research Centers and Institutes</a></li>
										<li><a href="/content/nyu/en/research/provosts-global-research-initiatives.html" class="in-this-section-menu-link" target="_self">Provost&#39;s Global Research Initiatives</a></li>
										<li><a href="/content/nyu/en/research/navigating-research-technology.html" class="in-this-section-menu-link" target="_self">Navigating Research Technology</a></li>
									</ul>
								</div>
								<div class="related-links">
									<h2 class="related-links-title">Related Links</h2>
									<ul class="related-links-menu">
										<li><a href="/content/nyu/en/academics/awards-and-highlights/faculty-awards-and-accomplishments.html" class="related-link" target="_self">Faculty Awards and Accomplishments</a></li>
										<li><a href="/content/nyu/en/academics/awards-and-highlights/global-awards.html" class="related-link" target="_self">Global Awards</a></li>
										<li><a href="/content/nyu/en/faculty/funding-opportunities.html" class="related-link" target="_self">Funding Opportunities</a></li>
									</ul>
								</div>
							</div>
						</li>
					</ul>
				</div>
			</nav>

			<form class="main-navigation-search-form" role="search" aria-label="Main Search">
				<button type="button" role="button" class="search-toggle" onclick="toggleMobileSearchForm();">
					<svg id="4625a2ed-b7e6-4a58-acbf-4a55ed388bf4" data-name="Layer 1" xmlns="http://www.w3.org/2000/svg" viewBox="0 0 19.89 20"><path id="c2f7ebf4-9d56-4176-99e7-75c835b148bd" data-name="path3336" d="M15.38,17.9l-2.59-2.6-.51.31a8.56,8.56,0,0,1-4.7,1.11A8.15,8.15,0,0,1,.05,8.64,7.74,7.74,0,0,1,2.45,2.89,7.75,7.75,0,0,1,8.16.5,8.13,8.13,0,0,1,16.29,8a8.66,8.66,0,0,1-1.18,4.79l-.37.59L17.34,16l2.6,2.61-.93.93a13.26,13.26,0,0,1-1,.93s-1.22-1.17-2.65-2.6ZM9.51,14.27A5.84,5.84,0,0,0,10,3.07,6.37,6.37,0,0,0,6.43,3,6.65,6.65,0,0,0,4,4.49a5.85,5.85,0,0,0-.85,7.12,5,5,0,0,0,1.57,1.71,5.83,5.83,0,0,0,4.75.95Z" transform="translate(-0.05 -0.5)"/></svg>
					<span class="screen-reader-text">Search</span>
				</button>

				<label class="screen-reader-text" for="main-navigation-search">Search Site</label>
				<input id="main-navigation-search" name="main-navigation-search" class="main-navigation-search-form-text-field" type="text" onblur="toggleTopSearches();" onfocus="toggleTopSearches();" placeholder="Search"/>
				<input class="main-navigation-search-form-submit" type="submit" value="Search NYU"/>
			</form>
		</div>
		<div class="menu-mask"></div>
	</header>
	
<div class="error-404">


<nav role="navigation" aria-label="Breadcrumbs" class="breadcrumb-wrapper">
	<div class="breadcrumb-inner">
		<ul class="breadcrumb-list">
			<li class="breadcrumb-first"><a class="breadcrumb-link" href="/content/nyu/en.html">NYU</a></li>
			<li class="ellipsis"><button class="ellipsis-foreground">Expand Breadcrumbs</button><div class="ellipsis-cta">Click to see full trail</div></li>
			<li class="last">Page or File Not Found (404 Error)</li>
		</ul>
	</div>
</nav>

<div id="alertContainer"></div>
<div id="main-content" class="title" tabindex="-1"><h1>Page or File Not Found (404 Error)</h1></div>

<main class="main" role="main">
	<div class="content">
		<div class="nyurichtexteditor parbase section">
			<div class="rte">
				<div class="component">
					<p>Sorry, you have requested a page or file that does not exist or has moved</p>
					<h5>How to find what you are looking for:</h5>
					<ul>
						<li>Start from the beginning; visit the <a href="/content/nyu/en.html">homepage</a></li>
						<li><a href="#feedback">Contact or leave us feedback</a> so we can resolve the issue as soon as we are able to</li>
					</ul>
					<p></p>
				</div>
			</div>
		</div>

		<div class="component-static"><hr class="divider first"/></div>

		<div class="component-static">
			<form class="form sitesearch-form">
				<h3 class="search-title">Search NYU</h3>
				<div class="container">
					<div class="input-container">
						<input class="search-form-field" type="text" placeholder="Search NYU">
					</div>
					<div class="submit-container">
						<input class="main-navigation-search-form-submit ui-button ui-widget ui-state-default ui-corner-all" type="submit" role="button">
					</div>
				</div>
			</form>
		</div>

		<div class="component-static"><hr class="divider second"/></div>
	</div>
</main>

<footer class="main-footer footer" role="contentInfo"><div class="footer-top-wrapper"><div class="footer-content"><ul class="footer-top-menu"><li><a class="footer-top-menu-link" href="/content/nyu/en/search.html" target="_self">Search</a></li><li><a class="footer-top-menu-link" href="/content/nyu/en/footer/map.html" target="_self">Campus Map</a></li><li><a class="footer-top-menu-link" href="/content/nyu/en/footer/events.html" target="_self">Events</a></li><li><a class="footer-top-menu-link" href="/content/nyu/en/footer/contact-us.html" target="_self">Contact Us</a></li><li><a class="footer-top-menu-link" href="/content/nyu/en/footer/copyright-and-fair-use.html" target="_self">Copyright &amp; Fair Use</a></li><li><a class="footer-top-menu-link" href="/content/nyu/en/footer/accessibility.html" target="_self">Accessibility</a></li><li><a class="footer-top-menu-link" href="#feedback.html" target="_self">Feedback</a></li></ul><div class="connect-nyu"><h6>Connect With NYU</h6><ul class="connect-nyu-menu"><li><a target="_blank" class="social facebook" href="https://www.facebook.com/NYU">Facebook</a></li><li><a target="_blank" class="social twitter" href="https://twitter.com/nyuniversity">Twitter</a></li><li><a target="_blank" class="social instagram" href="https://www.instagram.com/nyuniversity/">Instagram</a></li><li><a target="_blank" class="social snapchat" href="https://www.snapchat.com/add/nyuniversity">Snapchat</a></li><li class="last"><a target="_self" class="social more" href="/content/nyu/en/life/campus-resources/social-media-at-nyu/social-media-directory.html">+ More</a></li></ul></div><div class="on-this-site"><h6>On This Site</h6><ul class="on-this-site-menu"><li><a class="on-this-site-menu-link" href="/content/nyu/en/about.html" target="_self">About NYU</a></li><li><a class="on-this-site-menu-link" href="/content/nyu/en/admissions.html" target="_self">Admissions</a></li><li><a class="on-this-site-menu-link" href="/content/nyu/en/academics.html" target="_self">Academics</a></li><li><a class="on-this-site-menu-link" href="/content/nyu/en/life.html" target="_self">University Life</a></li><li><a class="on-this-site-menu-link" href="/content/nyu/en/research.html" target="_self">Research</a></li></ul></div><div class="main-campuses"><h6>Main Campuses</h6><ul class="main-campuses-menu"><li><a class="main-campuses-menu-link" href="/content/nyu/en.html" target="_self">New York</a><li><a class="main-campuses-menu-link" href="//nyuad.nyu.edu" target="_self">Abu Dhabi</a><li><a class="main-campuses-menu-link" href="//shanghai.nyu.edu" target="_self">Shanghai</a></ul></div><button class="expand-button"><span class="screen-reader-text">Toggle Footer Contents</span></button></div></div><div class="footer-bottom-wrapper"><div class="footer-content"><div class="footer-bottom-menu"><div class="highlighted-item"><a href="/content/nyu/en.html">New York University</a></div><ul><li><a class="footer-navigation-bottom-menu-link" href="/content/nyu/en/students.html" target="_self">Students</a></li><li><a class="footer-navigation-bottom-menu-link" href="/content/nyu/en/faculty.html" target="_self">Faculty</a></li><li><a class="footer-navigation-bottom-menu-link" href="/content/nyu/en/alumni.html" target="_self">Alumni</a></li><li><a class="footer-navigation-bottom-menu-link" href="/content/nyu/en/employees.html" target="_self">Employees</a></li><li><a class="footer-navigation-bottom-menu-link" href="/content/nyu/en/community.html" target="_self">Community</a></li></ul></div><div class="copyright">Unless otherwise noted, all content copyright New York University. All rights reserved.</div></div></div><div class="feedback-form-component"><div class="form-modal"><div class="f-form-container"><div class="f-header-container"><h2>Feedback</h2></div><div class="nyu-message">Thank you for taking the time to give us feedback. Your feedback is essential to helping us improve the website</div><div class="tab-choice">I have feedback for</div><ul class="tabs"><li class="active"><a href="#" rel="#page-feedback" class="ftab">This Page</a></li><li><a href="#" rel="#overall-feedback" class="ftab">Overall</a></li></ul><div class="tab-content-container"><div id="page-feedback" class="tab-content tab-content-active"><form id="page-feedback-form" class="form" enctype="multipart/form-data" method="POST" action="https://www.nyu.edu/scripts/feedback/forms/process-feedback.php"><label for="page-name" class="f-label">Name</label><input id="page-name" type="text" name="page-name"><label for="page-email" class="f-label">Email Address</label><input id="page-email" type="text" name="page-email"><label for="inaccurate-content" class="f-label">Note any inaccurate, missing or recommended content in this page?</label><textarea id="inaccurate-content" name="inaccurate-content" data-role="none"></textarea><label for="broken-links" class="f-label">Note any broken links, images, or technical features on this page?</label><textarea id="broken-links" name="broken-links" data-role="none"></textarea><div class="form-note">Please complete at least one field before submitting your feedback</div><input type="hidden" name="feedbackMode" value="page"/><input type="hidden" name="pageLocation" value=""/><input type="hidden" name="viewportSize" value=""/><input type="hidden" name="pagenode" value="/content/nyu/en/errors/404error"/><div class="caret-button submit-feedback"><input id="page-feedback-submit" type="submit" value="Submit Feedback"/></div></form></div><div id="overall-feedback" class="tab-content"><form id="overall-feedback-form" class="form" enctype="multipart/form-data" method="POST" action="https://www.nyu.edu/scripts/feedback/forms/process-feedback.php"><label for="overall-name" class="f-label">Name</label><input id="overall-name" type="text" name="overall-name"><label for="overall-email" class="f-label">Email Address</label><input id="overall-email" type="text" name="overall-email"><fieldset><legend class="f-label">How would you rate the information on the website</legend><div class="radio-buttons"><input type="radio" name="rating" value="helpful" id="radio-1" data-role="none"><label for="radio-1">Helpful</label><input type="radio" name="rating" value="somewhat" id="radio-2" data-role="none"><label for="radio-2">Somewhat Helpful</label><input type="radio" name="rating" value="not-helpful" id="radio-3" data-role="none"><label for="radio-3">Not Helpful</label></div></fieldset><fieldset><legend class="f-label">How would you rate the ease of use on this website</legend><div class="radio-buttons"><input type="radio" name="difficulty" value="easy" id="radio-4" data-role="none"><label for="radio-4">Easy</label><input type="radio" name="difficulty" value="somewhat" id="radio-5" data-role="none"><label for="radio-5">Somewhat Easy</label><input type="radio" name="difficulty" value="difficult" id="radio-6" data-role="none"><label for="radio-6">Difficult</label></div></fieldset><label for="likes" class="f-label">What do you like most about the website?</label><textarea id="likes" name="likes" data-role="none"></textarea><label for="dislikes" class="f-label">What do you dislike most about the website?</label><textarea id="dislikes" name="dislikes" data-role="none"></textarea><label for="added-functionality" class="f-label">What content/functionality would you like to see added to the website?</label><textarea id="added-functionality" name="added-functionality" data-role="none"></textarea><div class="form-note">Please complete at least one field before submitting your feedback</div><input type="hidden" name="feedbackMode" value="overall"><input type="hidden" name="pageLocation" value=""/><input type="hidden" name="viewportSize" value=""/><div class="caret-button submit-feedback"><input id="overall-feedback-submit" type="submit" value="Submit Feedback"/></div></form></div></div><div class="f-footer-container"><hr class="divider"/><button type="button" class="close-button">Close</button></div><button type="button" class="cbutton"><span class="screen-reader-text">Close Feedback Form</span></button></div></div></div></footer>

<script src="//globalnav.digicomm.home.nyu.edu/v2.1.0/global-nav.js"></script>
<script type="text/javascript">globalNavObject || document.write("<script type='text/javascript' src='//globalnav.digicomm.home.nyu.edu/latest/global-nav.js'>\x3C/script>")</script>
<script>
	document.addEventListener('DOMContentLoaded', function(event) {
		globalNavObject.init({
			logoPathDesktop: '',
			logoPathMobile: '',
			logoAlt: 'New York University',
			searchFormMethod: 'GET',
			searchInputName: 'q',
			searchPlaceholder: 'SEARCH NYU',
			searchEnabled: false,
			breakPoints: {
				desktop: 930,
				tablet: 690,
				phone: 290
			},
			isResponsive: true
		});
	});

	function submitSiteSearchFromNav(sel){
		var href = "/content/nyu/en/search.html";
		var search = document.querySelector(sel).value;
		var qstr = "";
		var qIsUsed = false;
		if(search){
			qstr += (qIsUsed?'&':'?')+'search='+encodeURI(search); 
			qIsUsed = true;
			href += qstr;
			window.location.href = href;
		}
	}

	document.querySelector('.error-404 .sitesearch-form .main-navigation-search-form-submit').addEventListener('click', function(e) {
		e.preventDefault();
		submitSiteSearchFromNav('.error-404 .sitesearch-form .search-form-field');
	});

	document.querySelector('.main-navigation-search-form-submit').addEventListener('click', function(e) {
		e.preventDefault();
		submitSiteSearchFromNav('.main-navigation-search-form-text-field');
	});

	document.querySelector('.mobile-search-form-text-field').addEventListener("click", function(e) {
		e.preventDefault();
		submitSiteSearchFromNav('.mobile-search-form-text-field');
	});
</script>
</div>
	
<script type="text/javascript" src="/etc/designs/nyuseventy/clientlib.js"></script>

</body>
</html>